"fecha","cod_ine","CCAA","total","TMSTAMP"
"2020-03-03",1,"Andalucía",0,"2020-03-29 06:29:47 UTC"
"2020-03-04",1,"Andalucía",0,"2020-03-29 06:29:47 UTC"
"2020-03-05",1,"Andalucía",0,"2020-03-29 06:29:47 UTC"
"2020-03-06",1,"Andalucía",0,"2020-03-29 06:29:47 UTC"
"2020-03-07",1,"Andalucía",0,"2020-03-29 06:29:47 UTC"
"2020-03-08",1,"Andalucía",0,"2020-03-29 06:29:47 UTC"
"2020-03-09",1,"Andalucía",0,"2020-03-29 06:29:47 UTC"
"2020-03-10",1,"Andalucía",0,"2020-03-29 06:29:47 UTC"
"2020-03-11",1,"Andalucía",0,"2020-03-29 06:29:47 UTC"
"2020-03-12",1,"Andalucía",0,"2020-03-29 06:29:47 UTC"
"2020-03-13",1,"Andalucía",0,"2020-03-29 06:29:47 UTC"
"2020-03-14",1,"Andalucía",2,"2020-03-29 06:29:47 UTC"
"2020-03-15",1,"Andalucía",6,"2020-03-29 06:29:47 UTC"
"2020-03-16",1,"Andalucía",7,"2020-03-29 06:29:47 UTC"
"2020-03-17",1,"Andalucía",11,"2020-03-29 06:29:47 UTC"
"2020-03-18",1,"Andalucía",19,"2020-03-29 06:29:47 UTC"
"2020-03-19",1,"Andalucía",23,"2020-03-29 06:29:47 UTC"
"2020-03-20",1,"Andalucía",30,"2020-03-29 06:29:47 UTC"
"2020-03-21",1,"Andalucía",40,"2020-03-29 06:29:47 UTC"
"2020-03-22",1,"Andalucía",47,"2020-03-29 06:29:47 UTC"
"2020-03-23",1,"Andalucía",58,"2020-03-29 06:29:47 UTC"
"2020-03-24",1,"Andalucía",87,"2020-03-29 06:29:47 UTC"
"2020-03-25",1,"Andalucía",113,"2020-03-29 06:29:47 UTC"
"2020-03-26",1,"Andalucía",134,"2020-03-29 06:29:47 UTC"
"2020-03-27",1,"Andalucía",144,"2020-03-29 06:29:47 UTC"
"2020-03-28",1,"Andalucía",175,"2020-03-29 06:29:47 UTC"
"2020-03-03",2,"Aragón",0,"2020-03-29 06:29:47 UTC"
"2020-03-04",2,"Aragón",0,"2020-03-29 06:29:47 UTC"
"2020-03-05",2,"Aragón",0,"2020-03-29 06:29:47 UTC"
"2020-03-06",2,"Aragón",1,"2020-03-29 06:29:47 UTC"
"2020-03-07",2,"Aragón",1,"2020-03-29 06:29:47 UTC"
"2020-03-08",2,"Aragón",2,"2020-03-29 06:29:47 UTC"
"2020-03-09",2,"Aragón",2,"2020-03-29 06:29:47 UTC"
"2020-03-10",2,"Aragón",3,"2020-03-29 06:29:47 UTC"
"2020-03-11",2,"Aragón",4,"2020-03-29 06:29:47 UTC"
"2020-03-12",2,"Aragón",6,"2020-03-29 06:29:47 UTC"
"2020-03-13",2,"Aragón",7,"2020-03-29 06:29:47 UTC"
"2020-03-14",2,"Aragón",7,"2020-03-29 06:29:47 UTC"
"2020-03-15",2,"Aragón",7,"2020-03-29 06:29:47 UTC"
"2020-03-16",2,"Aragón",11,"2020-03-29 06:29:47 UTC"
"2020-03-17",2,"Aragón",12,"2020-03-29 06:29:47 UTC"
"2020-03-18",2,"Aragón",13,"2020-03-29 06:29:47 UTC"
"2020-03-19",2,"Aragón",15,"2020-03-29 06:29:47 UTC"
"2020-03-20",2,"Aragón",17,"2020-03-29 06:29:47 UTC"
"2020-03-21",2,"Aragón",22,"2020-03-29 06:29:47 UTC"
"2020-03-22",2,"Aragón",24,"2020-03-29 06:29:47 UTC"
"2020-03-23",2,"Aragón",32,"2020-03-29 06:29:47 UTC"
"2020-03-24",2,"Aragón",37,"2020-03-29 06:29:47 UTC"
"2020-03-25",2,"Aragón",40,"2020-03-29 06:29:47 UTC"
"2020-03-26",2,"Aragón",48,"2020-03-29 06:29:47 UTC"
"2020-03-27",2,"Aragón",58,"2020-03-29 06:29:47 UTC"
"2020-03-28",2,"Aragón",58,"2020-03-29 06:29:47 UTC"
"2020-03-03",3,"Asturias",0,"2020-03-29 06:29:47 UTC"
"2020-03-04",3,"Asturias",0,"2020-03-29 06:29:47 UTC"
"2020-03-05",3,"Asturias",0,"2020-03-29 06:29:47 UTC"
"2020-03-06",3,"Asturias",0,"2020-03-29 06:29:47 UTC"
"2020-03-07",3,"Asturias",0,"2020-03-29 06:29:47 UTC"
"2020-03-08",3,"Asturias",0,"2020-03-29 06:29:47 UTC"
"2020-03-09",3,"Asturias",0,"2020-03-29 06:29:47 UTC"
"2020-03-10",3,"Asturias",0,"2020-03-29 06:29:47 UTC"
"2020-03-11",3,"Asturias",0,"2020-03-29 06:29:47 UTC"
"2020-03-12",3,"Asturias",1,"2020-03-29 06:29:47 UTC"
"2020-03-13",3,"Asturias",1,"2020-03-29 06:29:47 UTC"
"2020-03-14",3,"Asturias",1,"2020-03-29 06:29:47 UTC"
"2020-03-15",3,"Asturias",1,"2020-03-29 06:29:47 UTC"
"2020-03-16",3,"Asturias",1,"2020-03-29 06:29:47 UTC"
"2020-03-17",3,"Asturias",1,"2020-03-29 06:29:47 UTC"
"2020-03-18",3,"Asturias",1,"2020-03-29 06:29:47 UTC"
"2020-03-19",3,"Asturias",1,"2020-03-29 06:29:47 UTC"
"2020-03-20",3,"Asturias",2,"2020-03-29 06:29:47 UTC"
"2020-03-21",3,"Asturias",5,"2020-03-29 06:29:47 UTC"
"2020-03-22",3,"Asturias",8,"2020-03-29 06:29:47 UTC"
"2020-03-23",3,"Asturias",12,"2020-03-29 06:29:47 UTC"
"2020-03-24",3,"Asturias",22,"2020-03-29 06:29:47 UTC"
"2020-03-25",3,"Asturias",25,"2020-03-29 06:29:47 UTC"
"2020-03-26",3,"Asturias",27,"2020-03-29 06:29:47 UTC"
"2020-03-27",3,"Asturias",29,"2020-03-29 06:29:47 UTC"
"2020-03-28",3,"Asturias",33,"2020-03-29 06:29:47 UTC"
"2020-03-03",4,"Baleares",0,"2020-03-29 06:29:47 UTC"
"2020-03-04",4,"Baleares",0,"2020-03-29 06:29:47 UTC"
"2020-03-05",4,"Baleares",0,"2020-03-29 06:29:47 UTC"
"2020-03-06",4,"Baleares",0,"2020-03-29 06:29:47 UTC"
"2020-03-07",4,"Baleares",0,"2020-03-29 06:29:47 UTC"
"2020-03-08",4,"Baleares",0,"2020-03-29 06:29:47 UTC"
"2020-03-09",4,"Baleares",0,"2020-03-29 06:29:47 UTC"
"2020-03-10",4,"Baleares",0,"2020-03-29 06:29:47 UTC"
"2020-03-11",4,"Baleares",0,"2020-03-29 06:29:47 UTC"
"2020-03-12",4,"Baleares",1,"2020-03-29 06:29:47 UTC"
"2020-03-13",4,"Baleares",1,"2020-03-29 06:29:47 UTC"
"2020-03-14",4,"Baleares",1,"2020-03-29 06:29:47 UTC"
"2020-03-15",4,"Baleares",1,"2020-03-29 06:29:47 UTC"
"2020-03-16",4,"Baleares",1,"2020-03-29 06:29:47 UTC"
"2020-03-17",4,"Baleares",1,"2020-03-29 06:29:47 UTC"
"2020-03-18",4,"Baleares",1,"2020-03-29 06:29:47 UTC"
"2020-03-19",4,"Baleares",2,"2020-03-29 06:29:47 UTC"
"2020-03-20",4,"Baleares",2,"2020-03-29 06:29:47 UTC"
"2020-03-21",4,"Baleares",4,"2020-03-29 06:29:47 UTC"
"2020-03-22",4,"Baleares",4,"2020-03-29 06:29:47 UTC"
"2020-03-23",4,"Baleares",10,"2020-03-29 06:29:47 UTC"
"2020-03-24",4,"Baleares",10,"2020-03-29 06:29:47 UTC"
"2020-03-25",4,"Baleares",13,"2020-03-29 06:29:47 UTC"
"2020-03-26",4,"Baleares",17,"2020-03-29 06:29:47 UTC"
"2020-03-27",4,"Baleares",22,"2020-03-29 06:29:47 UTC"
"2020-03-28",4,"Baleares",26,"2020-03-29 06:29:47 UTC"
"2020-03-03",5,"Canarias",0,"2020-03-29 06:29:47 UTC"
"2020-03-04",5,"Canarias",0,"2020-03-29 06:29:47 UTC"
"2020-03-05",5,"Canarias",0,"2020-03-29 06:29:47 UTC"
"2020-03-06",5,"Canarias",0,"2020-03-29 06:29:47 UTC"
"2020-03-07",5,"Canarias",0,"2020-03-29 06:29:47 UTC"
"2020-03-08",5,"Canarias",0,"2020-03-29 06:29:47 UTC"
"2020-03-09",5,"Canarias",0,"2020-03-29 06:29:47 UTC"
"2020-03-10",5,"Canarias",0,"2020-03-29 06:29:47 UTC"
"2020-03-11",5,"Canarias",0,"2020-03-29 06:29:47 UTC"
"2020-03-12",5,"Canarias",0,"2020-03-29 06:29:47 UTC"
"2020-03-13",5,"Canarias",0,"2020-03-29 06:29:47 UTC"
"2020-03-14",5,"Canarias",1,"2020-03-29 06:29:47 UTC"
"2020-03-15",5,"Canarias",1,"2020-03-29 06:29:47 UTC"
"2020-03-16",5,"Canarias",1,"2020-03-29 06:29:47 UTC"
"2020-03-17",5,"Canarias",2,"2020-03-29 06:29:47 UTC"
"2020-03-18",5,"Canarias",3,"2020-03-29 06:29:47 UTC"
"2020-03-19",5,"Canarias",3,"2020-03-29 06:29:47 UTC"
"2020-03-20",5,"Canarias",4,"2020-03-29 06:29:47 UTC"
"2020-03-21",5,"Canarias",7,"2020-03-29 06:29:47 UTC"
"2020-03-22",5,"Canarias",9,"2020-03-29 06:29:47 UTC"
"2020-03-23",5,"Canarias",11,"2020-03-29 06:29:47 UTC"
"2020-03-24",5,"Canarias",16,"2020-03-29 06:29:47 UTC"
"2020-03-25",5,"Canarias",21,"2020-03-29 06:29:47 UTC"
"2020-03-26",5,"Canarias",24,"2020-03-29 06:29:47 UTC"
"2020-03-27",5,"Canarias",27,"2020-03-29 06:29:47 UTC"
"2020-03-28",5,"Canarias",36,"2020-03-29 06:29:47 UTC"
"2020-03-03",6,"Cantabria",0,"2020-03-29 06:29:47 UTC"
"2020-03-04",6,"Cantabria",0,"2020-03-29 06:29:47 UTC"
"2020-03-05",6,"Cantabria",0,"2020-03-29 06:29:47 UTC"
"2020-03-06",6,"Cantabria",0,"2020-03-29 06:29:47 UTC"
"2020-03-07",6,"Cantabria",0,"2020-03-29 06:29:47 UTC"
"2020-03-08",6,"Cantabria",0,"2020-03-29 06:29:47 UTC"
"2020-03-09",6,"Cantabria",0,"2020-03-29 06:29:47 UTC"
"2020-03-10",6,"Cantabria",0,"2020-03-29 06:29:47 UTC"
"2020-03-11",6,"Cantabria",0,"2020-03-29 06:29:47 UTC"
"2020-03-12",6,"Cantabria",0,"2020-03-29 06:29:47 UTC"
"2020-03-13",6,"Cantabria",0,"2020-03-29 06:29:47 UTC"
"2020-03-14",6,"Cantabria",0,"2020-03-29 06:29:47 UTC"
"2020-03-15",6,"Cantabria",0,"2020-03-29 06:29:47 UTC"
"2020-03-16",6,"Cantabria",0,"2020-03-29 06:29:47 UTC"
"2020-03-17",6,"Cantabria",0,"2020-03-29 06:29:47 UTC"
"2020-03-18",6,"Cantabria",1,"2020-03-29 06:29:47 UTC"
"2020-03-19",6,"Cantabria",1,"2020-03-29 06:29:47 UTC"
"2020-03-20",6,"Cantabria",1,"2020-03-29 06:29:47 UTC"
"2020-03-21",6,"Cantabria",2,"2020-03-29 06:29:47 UTC"
"2020-03-22",6,"Cantabria",5,"2020-03-29 06:29:47 UTC"
"2020-03-23",6,"Cantabria",6,"2020-03-29 06:29:47 UTC"
"2020-03-24",6,"Cantabria",9,"2020-03-29 06:29:47 UTC"
"2020-03-25",6,"Cantabria",14,"2020-03-29 06:29:47 UTC"
"2020-03-26",6,"Cantabria",17,"2020-03-29 06:29:47 UTC"
"2020-03-27",6,"Cantabria",21,"2020-03-29 06:29:47 UTC"
"2020-03-28",6,"Cantabria",22,"2020-03-29 06:29:47 UTC"
"2020-03-03",8,"Castilla-La Mancha",0,"2020-03-29 06:29:47 UTC"
"2020-03-04",8,"Castilla-La Mancha",0,"2020-03-29 06:29:47 UTC"
"2020-03-05",8,"Castilla-La Mancha",0,"2020-03-29 06:29:47 UTC"
"2020-03-06",8,"Castilla-La Mancha",0,"2020-03-29 06:29:47 UTC"
"2020-03-07",8,"Castilla-La Mancha",0,"2020-03-29 06:29:47 UTC"
"2020-03-08",8,"Castilla-La Mancha",0,"2020-03-29 06:29:47 UTC"
"2020-03-09",8,"Castilla-La Mancha",0,"2020-03-29 06:29:47 UTC"
"2020-03-10",8,"Castilla-La Mancha",0,"2020-03-29 06:29:47 UTC"
"2020-03-11",8,"Castilla-La Mancha",0,"2020-03-29 06:29:47 UTC"
"2020-03-12",8,"Castilla-La Mancha",1,"2020-03-29 06:29:47 UTC"
"2020-03-13",8,"Castilla-La Mancha",5,"2020-03-29 06:29:47 UTC"
"2020-03-14",8,"Castilla-La Mancha",6,"2020-03-29 06:29:47 UTC"
"2020-03-15",8,"Castilla-La Mancha",10,"2020-03-29 06:29:47 UTC"
"2020-03-16",8,"Castilla-La Mancha",17,"2020-03-29 06:29:47 UTC"
"2020-03-17",8,"Castilla-La Mancha",17,"2020-03-29 06:29:47 UTC"
"2020-03-18",8,"Castilla-La Mancha",28,"2020-03-29 06:29:47 UTC"
"2020-03-19",8,"Castilla-La Mancha",42,"2020-03-29 06:29:47 UTC"
"2020-03-20",8,"Castilla-La Mancha",42,"2020-03-29 06:29:47 UTC"
"2020-03-21",8,"Castilla-La Mancha",84,"2020-03-29 06:29:47 UTC"
"2020-03-22",8,"Castilla-La Mancha",112,"2020-03-29 06:29:47 UTC"
"2020-03-23",8,"Castilla-La Mancha",145,"2020-03-29 06:29:47 UTC"
"2020-03-24",8,"Castilla-La Mancha",216,"2020-03-29 06:29:47 UTC"
"2020-03-25",8,"Castilla-La Mancha",263,"2020-03-29 06:29:47 UTC"
"2020-03-26",8,"Castilla-La Mancha",316,"2020-03-29 06:29:47 UTC"
"2020-03-27",8,"Castilla-La Mancha",367,"2020-03-29 06:29:47 UTC"
"2020-03-28",8,"Castilla-La Mancha",448,"2020-03-29 06:29:47 UTC"
"2020-03-03",7,"Castilla y León",0,"2020-03-29 06:29:47 UTC"
"2020-03-04",7,"Castilla y León",0,"2020-03-29 06:29:47 UTC"
"2020-03-05",7,"Castilla y León",0,"2020-03-29 06:29:47 UTC"
"2020-03-06",7,"Castilla y León",0,"2020-03-29 06:29:47 UTC"
"2020-03-07",7,"Castilla y León",0,"2020-03-29 06:29:47 UTC"
"2020-03-08",7,"Castilla y León",0,"2020-03-29 06:29:47 UTC"
"2020-03-09",7,"Castilla y León",0,"2020-03-29 06:29:47 UTC"
"2020-03-10",7,"Castilla y León",0,"2020-03-29 06:29:47 UTC"
"2020-03-11",7,"Castilla y León",0,"2020-03-29 06:29:47 UTC"
"2020-03-12",7,"Castilla y León",0,"2020-03-29 06:29:47 UTC"
"2020-03-13",7,"Castilla y León",1,"2020-03-29 06:29:47 UTC"
"2020-03-14",7,"Castilla y León",3,"2020-03-29 06:29:47 UTC"
"2020-03-15",7,"Castilla y León",6,"2020-03-29 06:29:47 UTC"
"2020-03-16",7,"Castilla y León",9,"2020-03-29 06:29:47 UTC"
"2020-03-17",7,"Castilla y León",12,"2020-03-29 06:29:47 UTC"
"2020-03-18",7,"Castilla y León",22,"2020-03-29 06:29:47 UTC"
"2020-03-19",7,"Castilla y León",29,"2020-03-29 06:29:47 UTC"
"2020-03-20",7,"Castilla y León",43,"2020-03-29 06:29:47 UTC"
"2020-03-21",7,"Castilla y León",55,"2020-03-29 06:29:47 UTC"
"2020-03-22",7,"Castilla y León",74,"2020-03-29 06:29:47 UTC"
"2020-03-23",7,"Castilla y León",102,"2020-03-29 06:29:47 UTC"
"2020-03-24",7,"Castilla y León",124,"2020-03-29 06:29:47 UTC"
"2020-03-25",7,"Castilla y León",165,"2020-03-29 06:29:47 UTC"
"2020-03-26",7,"Castilla y León",206,"2020-03-29 06:29:47 UTC"
"2020-03-27",7,"Castilla y León",252,"2020-03-29 06:29:47 UTC"
"2020-03-28",7,"Castilla y León",321,"2020-03-29 06:29:47 UTC"
"2020-03-03",9,"Cataluña",0,"2020-03-29 06:29:47 UTC"
"2020-03-04",9,"Cataluña",0,"2020-03-29 06:29:47 UTC"
"2020-03-05",9,"Cataluña",0,"2020-03-29 06:29:47 UTC"
"2020-03-06",9,"Cataluña",0,"2020-03-29 06:29:47 UTC"
"2020-03-07",9,"Cataluña",1,"2020-03-29 06:29:47 UTC"
"2020-03-08",9,"Cataluña",1,"2020-03-29 06:29:47 UTC"
"2020-03-09",9,"Cataluña",1,"2020-03-29 06:29:47 UTC"
"2020-03-10",9,"Cataluña",3,"2020-03-29 06:29:47 UTC"
"2020-03-11",9,"Cataluña",3,"2020-03-29 06:29:47 UTC"
"2020-03-12",9,"Cataluña",4,"2020-03-29 06:29:47 UTC"
"2020-03-13",9,"Cataluña",4,"2020-03-29 06:29:47 UTC"
"2020-03-14",9,"Cataluña",6,"2020-03-29 06:29:47 UTC"
"2020-03-15",9,"Cataluña",8,"2020-03-29 06:29:47 UTC"
"2020-03-16",9,"Cataluña",12,"2020-03-29 06:29:47 UTC"
"2020-03-17",9,"Cataluña",18,"2020-03-29 06:29:47 UTC"
"2020-03-18",9,"Cataluña",41,"2020-03-29 06:29:47 UTC"
"2020-03-19",9,"Cataluña",55,"2020-03-29 06:29:47 UTC"
"2020-03-20",9,"Cataluña",82,"2020-03-29 06:29:47 UTC"
"2020-03-21",9,"Cataluña",122,"2020-03-29 06:29:47 UTC"
"2020-03-22",9,"Cataluña",191,"2020-03-29 06:29:47 UTC"
"2020-03-23",9,"Cataluña",245,"2020-03-29 06:29:47 UTC"
"2020-03-24",9,"Cataluña",282,"2020-03-29 06:29:47 UTC"
"2020-03-25",9,"Cataluña",516,"2020-03-29 06:29:47 UTC"
"2020-03-26",9,"Cataluña",672,"2020-03-29 06:29:47 UTC"
"2020-03-27",9,"Cataluña",880,"2020-03-29 06:29:47 UTC"
"2020-03-28",9,"Cataluña",1070,"2020-03-29 06:29:47 UTC"
"2020-03-03",18,"Ceuta",0,"2020-03-29 06:29:47 UTC"
"2020-03-04",18,"Ceuta",0,"2020-03-29 06:29:47 UTC"
"2020-03-05",18,"Ceuta",0,"2020-03-29 06:29:47 UTC"
"2020-03-06",18,"Ceuta",0,"2020-03-29 06:29:47 UTC"
"2020-03-07",18,"Ceuta",0,"2020-03-29 06:29:47 UTC"
"2020-03-08",18,"Ceuta",0,"2020-03-29 06:29:47 UTC"
"2020-03-09",18,"Ceuta",0,"2020-03-29 06:29:47 UTC"
"2020-03-10",18,"Ceuta",0,"2020-03-29 06:29:47 UTC"
"2020-03-11",18,"Ceuta",0,"2020-03-29 06:29:47 UTC"
"2020-03-12",18,"Ceuta",0,"2020-03-29 06:29:47 UTC"
"2020-03-13",18,"Ceuta",0,"2020-03-29 06:29:47 UTC"
"2020-03-14",18,"Ceuta",0,"2020-03-29 06:29:47 UTC"
"2020-03-15",18,"Ceuta",0,"2020-03-29 06:29:47 UTC"
"2020-03-16",18,"Ceuta",0,"2020-03-29 06:29:47 UTC"
"2020-03-17",18,"Ceuta",0,"2020-03-29 06:29:47 UTC"
"2020-03-18",18,"Ceuta",0,"2020-03-29 06:29:47 UTC"
"2020-03-19",18,"Ceuta",0,"2020-03-29 06:29:47 UTC"
"2020-03-20",18,"Ceuta",0,"2020-03-29 06:29:47 UTC"
"2020-03-21",18,"Ceuta",0,"2020-03-29 06:29:47 UTC"
"2020-03-22",18,"Ceuta",0,"2020-03-29 06:29:47 UTC"
"2020-03-23",18,"Ceuta",0,"2020-03-29 06:29:47 UTC"
"2020-03-24",18,"Ceuta",0,"2020-03-29 06:29:47 UTC"
"2020-03-25",18,"Ceuta",0,"2020-03-29 06:29:47 UTC"
"2020-03-26",18,"Ceuta",0,"2020-03-29 06:29:47 UTC"
"2020-03-27",18,"Ceuta",0,"2020-03-29 06:29:47 UTC"
"2020-03-28",18,"Ceuta",1,"2020-03-29 06:29:47 UTC"
"2020-03-03",10,"C. Valenciana",0,"2020-03-29 06:29:47 UTC"
"2020-03-04",10,"C. Valenciana",1,"2020-03-29 06:29:47 UTC"
"2020-03-05",10,"C. Valenciana",1,"2020-03-29 06:29:47 UTC"
"2020-03-06",10,"C. Valenciana",1,"2020-03-29 06:29:47 UTC"
"2020-03-07",10,"C. Valenciana",1,"2020-03-29 06:29:47 UTC"
"2020-03-08",10,"C. Valenciana",1,"2020-03-29 06:29:47 UTC"
"2020-03-09",10,"C. Valenciana",1,"2020-03-29 06:29:47 UTC"
"2020-03-10",10,"C. Valenciana",1,"2020-03-29 06:29:47 UTC"
"2020-03-11",10,"C. Valenciana",1,"2020-03-29 06:29:47 UTC"
"2020-03-12",10,"C. Valenciana",1,"2020-03-29 06:29:47 UTC"
"2020-03-13",10,"C. Valenciana",1,"2020-03-29 06:29:47 UTC"
"2020-03-14",10,"C. Valenciana",4,"2020-03-29 06:29:47 UTC"
"2020-03-15",10,"C. Valenciana",5,"2020-03-29 06:29:47 UTC"
"2020-03-16",10,"C. Valenciana",5,"2020-03-29 06:29:47 UTC"
"2020-03-17",10,"C. Valenciana",13,"2020-03-29 06:29:47 UTC"
"2020-03-18",10,"C. Valenciana",22,"2020-03-29 06:29:47 UTC"
"2020-03-19",10,"C. Valenciana",24,"2020-03-29 06:29:47 UTC"
"2020-03-20",10,"C. Valenciana",33,"2020-03-29 06:29:47 UTC"
"2020-03-21",10,"C. Valenciana",50,"2020-03-29 06:29:47 UTC"
"2020-03-22",10,"C. Valenciana",69,"2020-03-29 06:29:47 UTC"
"2020-03-23",10,"C. Valenciana",94,"2020-03-29 06:29:47 UTC"
"2020-03-24",10,"C. Valenciana",115,"2020-03-29 06:29:47 UTC"
"2020-03-25",10,"C. Valenciana",143,"2020-03-29 06:29:47 UTC"
"2020-03-26",10,"C. Valenciana",167,"2020-03-29 06:29:47 UTC"
"2020-03-27",10,"C. Valenciana",198,"2020-03-29 06:29:47 UTC"
"2020-03-28",10,"C. Valenciana",234,"2020-03-29 06:29:47 UTC"
"2020-03-03",11,"Extremadura",0,"2020-03-29 06:29:47 UTC"
"2020-03-04",11,"Extremadura",0,"2020-03-29 06:29:47 UTC"
"2020-03-05",11,"Extremadura",0,"2020-03-29 06:29:47 UTC"
"2020-03-06",11,"Extremadura",0,"2020-03-29 06:29:47 UTC"
"2020-03-07",11,"Extremadura",0,"2020-03-29 06:29:47 UTC"
"2020-03-08",11,"Extremadura",0,"2020-03-29 06:29:47 UTC"
"2020-03-09",11,"Extremadura",0,"2020-03-29 06:29:47 UTC"
"2020-03-10",11,"Extremadura",0,"2020-03-29 06:29:47 UTC"
"2020-03-11",11,"Extremadura",0,"2020-03-29 06:29:47 UTC"
"2020-03-12",11,"Extremadura",1,"2020-03-29 06:29:47 UTC"
"2020-03-13",11,"Extremadura",1,"2020-03-29 06:29:47 UTC"
"2020-03-14",11,"Extremadura",2,"2020-03-29 06:29:47 UTC"
"2020-03-15",11,"Extremadura",2,"2020-03-29 06:29:47 UTC"
"2020-03-16",11,"Extremadura",2,"2020-03-29 06:29:47 UTC"
"2020-03-17",11,"Extremadura",3,"2020-03-29 06:29:47 UTC"
"2020-03-18",11,"Extremadura",6,"2020-03-29 06:29:47 UTC"
"2020-03-19",11,"Extremadura",8,"2020-03-29 06:29:47 UTC"
"2020-03-20",11,"Extremadura",10,"2020-03-29 06:29:47 UTC"
"2020-03-21",11,"Extremadura",12,"2020-03-29 06:29:47 UTC"
"2020-03-22",11,"Extremadura",14,"2020-03-29 06:29:47 UTC"
"2020-03-23",11,"Extremadura",18,"2020-03-29 06:29:47 UTC"
"2020-03-24",11,"Extremadura",26,"2020-03-29 06:29:47 UTC"
"2020-03-25",11,"Extremadura",39,"2020-03-29 06:29:47 UTC"
"2020-03-26",11,"Extremadura",58,"2020-03-29 06:29:47 UTC"
"2020-03-27",11,"Extremadura",69,"2020-03-29 06:29:47 UTC"
"2020-03-28",11,"Extremadura",88,"2020-03-29 06:29:47 UTC"
"2020-03-03",12,"Galicia",0,"2020-03-29 06:29:47 UTC"
"2020-03-04",12,"Galicia",0,"2020-03-29 06:29:47 UTC"
"2020-03-05",12,"Galicia",0,"2020-03-29 06:29:47 UTC"
"2020-03-06",12,"Galicia",0,"2020-03-29 06:29:47 UTC"
"2020-03-07",12,"Galicia",0,"2020-03-29 06:29:47 UTC"
"2020-03-08",12,"Galicia",0,"2020-03-29 06:29:47 UTC"
"2020-03-09",12,"Galicia",0,"2020-03-29 06:29:47 UTC"
"2020-03-10",12,"Galicia",0,"2020-03-29 06:29:47 UTC"
"2020-03-11",12,"Galicia",0,"2020-03-29 06:29:47 UTC"
"2020-03-12",12,"Galicia",0,"2020-03-29 06:29:47 UTC"
"2020-03-13",12,"Galicia",0,"2020-03-29 06:29:47 UTC"
"2020-03-14",12,"Galicia",0,"2020-03-29 06:29:47 UTC"
"2020-03-15",12,"Galicia",2,"2020-03-29 06:29:47 UTC"
"2020-03-16",12,"Galicia",2,"2020-03-29 06:29:47 UTC"
"2020-03-17",12,"Galicia",3,"2020-03-29 06:29:47 UTC"
"2020-03-18",12,"Galicia",3,"2020-03-29 06:29:47 UTC"
"2020-03-19",12,"Galicia",4,"2020-03-29 06:29:47 UTC"
"2020-03-20",12,"Galicia",5,"2020-03-29 06:29:47 UTC"
"2020-03-21",12,"Galicia",9,"2020-03-29 06:29:47 UTC"
"2020-03-22",12,"Galicia",12,"2020-03-29 06:29:47 UTC"
"2020-03-23",12,"Galicia",18,"2020-03-29 06:29:47 UTC"
"2020-03-24",12,"Galicia",20,"2020-03-29 06:29:47 UTC"
"2020-03-25",12,"Galicia",27,"2020-03-29 06:29:47 UTC"
"2020-03-26",12,"Galicia",32,"2020-03-29 06:29:47 UTC"
"2020-03-27",12,"Galicia",43,"2020-03-29 06:29:47 UTC"
"2020-03-28",12,"Galicia",47,"2020-03-29 06:29:47 UTC"
"2020-03-03",13,"Madrid",0,"2020-03-29 06:29:47 UTC"
"2020-03-04",13,"Madrid",0,"2020-03-29 06:29:47 UTC"
"2020-03-05",13,"Madrid",1,"2020-03-29 06:29:47 UTC"
"2020-03-06",13,"Madrid",2,"2020-03-29 06:29:47 UTC"
"2020-03-07",13,"Madrid",4,"2020-03-29 06:29:47 UTC"
"2020-03-08",13,"Madrid",8,"2020-03-29 06:29:47 UTC"
"2020-03-09",13,"Madrid",8,"2020-03-29 06:29:47 UTC"
"2020-03-10",13,"Madrid",21,"2020-03-29 06:29:47 UTC"
"2020-03-11",13,"Madrid",31,"2020-03-29 06:29:47 UTC"
"2020-03-12",13,"Madrid",56,"2020-03-29 06:29:47 UTC"
"2020-03-13",13,"Madrid",81,"2020-03-29 06:29:47 UTC"
"2020-03-14",13,"Madrid",86,"2020-03-29 06:29:47 UTC"
"2020-03-15",13,"Madrid",213,"2020-03-29 06:29:47 UTC"
"2020-03-16",13,"Madrid",213,"2020-03-29 06:29:47 UTC"
"2020-03-17",13,"Madrid",355,"2020-03-29 06:29:47 UTC"
"2020-03-18",13,"Madrid",390,"2020-03-29 06:29:47 UTC"
"2020-03-19",13,"Madrid",498,"2020-03-29 06:29:47 UTC"
"2020-03-20",13,"Madrid",628,"2020-03-29 06:29:47 UTC"
"2020-03-21",13,"Madrid",804,"2020-03-29 06:29:47 UTC"
"2020-03-22",13,"Madrid",1021,"2020-03-29 06:29:47 UTC"
"2020-03-23",13,"Madrid",1263,"2020-03-29 06:29:47 UTC"
"2020-03-24",13,"Madrid",1535,"2020-03-29 06:29:47 UTC"
"2020-03-25",13,"Madrid",1825,"2020-03-29 06:29:47 UTC"
"2020-03-26",13,"Madrid",2090,"2020-03-29 06:29:47 UTC"
"2020-03-27",13,"Madrid",2412,"2020-03-29 06:29:47 UTC"
"2020-03-28",13,"Madrid",2757,"2020-03-29 06:29:47 UTC"
"2020-03-03",19,"Melilla",0,"2020-03-29 06:29:47 UTC"
"2020-03-04",19,"Melilla",0,"2020-03-29 06:29:47 UTC"
"2020-03-05",19,"Melilla",0,"2020-03-29 06:29:47 UTC"
"2020-03-06",19,"Melilla",0,"2020-03-29 06:29:47 UTC"
"2020-03-07",19,"Melilla",0,"2020-03-29 06:29:47 UTC"
"2020-03-08",19,"Melilla",0,"2020-03-29 06:29:47 UTC"
"2020-03-09",19,"Melilla",0,"2020-03-29 06:29:47 UTC"
"2020-03-10",19,"Melilla",0,"2020-03-29 06:29:47 UTC"
"2020-03-11",19,"Melilla",0,"2020-03-29 06:29:47 UTC"
"2020-03-12",19,"Melilla",0,"2020-03-29 06:29:47 UTC"
"2020-03-13",19,"Melilla",0,"2020-03-29 06:29:47 UTC"
"2020-03-14",19,"Melilla",0,"2020-03-29 06:29:47 UTC"
"2020-03-15",19,"Melilla",0,"2020-03-29 06:29:47 UTC"
"2020-03-16",19,"Melilla",0,"2020-03-29 06:29:47 UTC"
"2020-03-17",19,"Melilla",0,"2020-03-29 06:29:47 UTC"
"2020-03-18",19,"Melilla",0,"2020-03-29 06:29:47 UTC"
"2020-03-19",19,"Melilla",0,"2020-03-29 06:29:47 UTC"
"2020-03-20",19,"Melilla",0,"2020-03-29 06:29:47 UTC"
"2020-03-21",19,"Melilla",0,"2020-03-29 06:29:47 UTC"
"2020-03-22",19,"Melilla",0,"2020-03-29 06:29:47 UTC"
"2020-03-23",19,"Melilla",0,"2020-03-29 06:29:47 UTC"
"2020-03-24",19,"Melilla",0,"2020-03-29 06:29:47 UTC"
"2020-03-25",19,"Melilla",0,"2020-03-29 06:29:47 UTC"
"2020-03-26",19,"Melilla",1,"2020-03-29 06:29:47 UTC"
"2020-03-27",19,"Melilla",1,"2020-03-29 06:29:47 UTC"
"2020-03-28",19,"Melilla",1,"2020-03-29 06:29:47 UTC"
"2020-03-03",14,"Murcia",0,"2020-03-29 06:29:47 UTC"
"2020-03-04",14,"Murcia",0,"2020-03-29 06:29:47 UTC"
"2020-03-05",14,"Murcia",0,"2020-03-29 06:29:47 UTC"
"2020-03-06",14,"Murcia",0,"2020-03-29 06:29:47 UTC"
"2020-03-07",14,"Murcia",0,"2020-03-29 06:29:47 UTC"
"2020-03-08",14,"Murcia",0,"2020-03-29 06:29:47 UTC"
"2020-03-09",14,"Murcia",0,"2020-03-29 06:29:47 UTC"
"2020-03-10",14,"Murcia",0,"2020-03-29 06:29:47 UTC"
"2020-03-11",14,"Murcia",0,"2020-03-29 06:29:47 UTC"
"2020-03-12",14,"Murcia",0,"2020-03-29 06:29:47 UTC"
"2020-03-13",14,"Murcia",0,"2020-03-29 06:29:47 UTC"
"2020-03-14",14,"Murcia",0,"2020-03-29 06:29:47 UTC"
"2020-03-15",14,"Murcia",0,"2020-03-29 06:29:47 UTC"
"2020-03-16",14,"Murcia",0,"2020-03-29 06:29:47 UTC"
"2020-03-17",14,"Murcia",0,"2020-03-29 06:29:47 UTC"
"2020-03-18",14,"Murcia",0,"2020-03-29 06:29:47 UTC"
"2020-03-19",14,"Murcia",0,"2020-03-29 06:29:47 UTC"
"2020-03-20",14,"Murcia",0,"2020-03-29 06:29:47 UTC"
"2020-03-21",14,"Murcia",1,"2020-03-29 06:29:47 UTC"
"2020-03-22",14,"Murcia",1,"2020-03-29 06:29:47 UTC"
"2020-03-23",14,"Murcia",2,"2020-03-29 06:29:47 UTC"
"2020-03-24",14,"Murcia",3,"2020-03-29 06:29:47 UTC"
"2020-03-25",14,"Murcia",5,"2020-03-29 06:29:47 UTC"
"2020-03-26",14,"Murcia",8,"2020-03-29 06:29:47 UTC"
"2020-03-27",14,"Murcia",15,"2020-03-29 06:29:47 UTC"
"2020-03-28",14,"Murcia",17,"2020-03-29 06:29:47 UTC"
"2020-03-03",15,"Navarra",0,"2020-03-29 06:29:47 UTC"
"2020-03-04",15,"Navarra",0,"2020-03-29 06:29:47 UTC"
"2020-03-05",15,"Navarra",0,"2020-03-29 06:29:47 UTC"
"2020-03-06",15,"Navarra",0,"2020-03-29 06:29:47 UTC"
"2020-03-07",15,"Navarra",0,"2020-03-29 06:29:47 UTC"
"2020-03-08",15,"Navarra",0,"2020-03-29 06:29:47 UTC"
"2020-03-09",15,"Navarra",0,"2020-03-29 06:29:47 UTC"
"2020-03-10",15,"Navarra",0,"2020-03-29 06:29:47 UTC"
"2020-03-11",15,"Navarra",0,"2020-03-29 06:29:47 UTC"
"2020-03-12",15,"Navarra",0,"2020-03-29 06:29:47 UTC"
"2020-03-13",15,"Navarra",0,"2020-03-29 06:29:47 UTC"
"2020-03-14",15,"Navarra",0,"2020-03-29 06:29:47 UTC"
"2020-03-15",15,"Navarra",0,"2020-03-29 06:29:47 UTC"
"2020-03-16",15,"Navarra",1,"2020-03-29 06:29:47 UTC"
"2020-03-17",15,"Navarra",2,"2020-03-29 06:29:47 UTC"
"2020-03-18",15,"Navarra",3,"2020-03-29 06:29:47 UTC"
"2020-03-19",15,"Navarra",4,"2020-03-29 06:29:47 UTC"
"2020-03-20",15,"Navarra",5,"2020-03-29 06:29:47 UTC"
"2020-03-21",15,"Navarra",9,"2020-03-29 06:29:47 UTC"
"2020-03-22",15,"Navarra",14,"2020-03-29 06:29:47 UTC"
"2020-03-23",15,"Navarra",24,"2020-03-29 06:29:47 UTC"
"2020-03-24",15,"Navarra",31,"2020-03-29 06:29:47 UTC"
"2020-03-25",15,"Navarra",33,"2020-03-29 06:29:47 UTC"
"2020-03-26",15,"Navarra",49,"2020-03-29 06:29:47 UTC"
"2020-03-27",15,"Navarra",58,"2020-03-29 06:29:47 UTC"
"2020-03-28",15,"Navarra",70,"2020-03-29 06:29:47 UTC"
"2020-03-03",16,"País Vasco",0,"2020-03-29 06:29:47 UTC"
"2020-03-04",16,"País Vasco",0,"2020-03-29 06:29:47 UTC"
"2020-03-05",16,"País Vasco",1,"2020-03-29 06:29:47 UTC"
"2020-03-06",16,"País Vasco",1,"2020-03-29 06:29:47 UTC"
"2020-03-07",16,"País Vasco",1,"2020-03-29 06:29:47 UTC"
"2020-03-08",16,"País Vasco",5,"2020-03-29 06:29:47 UTC"
"2020-03-09",16,"País Vasco",5,"2020-03-29 06:29:47 UTC"
"2020-03-10",16,"País Vasco",6,"2020-03-29 06:29:47 UTC"
"2020-03-11",16,"País Vasco",6,"2020-03-29 06:29:47 UTC"
"2020-03-12",16,"País Vasco",11,"2020-03-29 06:29:47 UTC"
"2020-03-13",16,"País Vasco",14,"2020-03-29 06:29:47 UTC"
"2020-03-14",16,"País Vasco",14,"2020-03-29 06:29:47 UTC"
"2020-03-15",16,"País Vasco",23,"2020-03-29 06:29:47 UTC"
"2020-03-16",16,"País Vasco",23,"2020-03-29 06:29:47 UTC"
"2020-03-17",16,"País Vasco",36,"2020-03-29 06:29:47 UTC"
"2020-03-18",16,"País Vasco",40,"2020-03-29 06:29:47 UTC"
"2020-03-19",16,"País Vasco",53,"2020-03-29 06:29:47 UTC"
"2020-03-20",16,"País Vasco",71,"2020-03-29 06:29:47 UTC"
"2020-03-21",16,"País Vasco",85,"2020-03-29 06:29:47 UTC"
"2020-03-22",16,"País Vasco",97,"2020-03-29 06:29:47 UTC"
"2020-03-23",16,"País Vasco",120,"2020-03-29 06:29:47 UTC"
"2020-03-24",16,"País Vasco",133,"2020-03-29 06:29:47 UTC"
"2020-03-25",16,"País Vasco",155,"2020-03-29 06:29:47 UTC"
"2020-03-26",16,"País Vasco",180,"2020-03-29 06:29:47 UTC"
"2020-03-27",16,"País Vasco",207,"2020-03-29 06:29:47 UTC"
"2020-03-28",16,"País Vasco",221,"2020-03-29 06:29:47 UTC"
"2020-03-03",17,"La Rioja",0,"2020-03-29 06:29:47 UTC"
"2020-03-04",17,"La Rioja",0,"2020-03-29 06:29:47 UTC"
"2020-03-05",17,"La Rioja",0,"2020-03-29 06:29:47 UTC"
"2020-03-06",17,"La Rioja",0,"2020-03-29 06:29:47 UTC"
"2020-03-07",17,"La Rioja",0,"2020-03-29 06:29:47 UTC"
"2020-03-08",17,"La Rioja",0,"2020-03-29 06:29:47 UTC"
"2020-03-09",17,"La Rioja",0,"2020-03-29 06:29:47 UTC"
"2020-03-10",17,"La Rioja",1,"2020-03-29 06:29:47 UTC"
"2020-03-11",17,"La Rioja",2,"2020-03-29 06:29:47 UTC"
"2020-03-12",17,"La Rioja",2,"2020-03-29 06:29:47 UTC"
"2020-03-13",17,"La Rioja",2,"2020-03-29 06:29:47 UTC"
"2020-03-14",17,"La Rioja",3,"2020-03-29 06:29:47 UTC"
"2020-03-15",17,"La Rioja",3,"2020-03-29 06:29:47 UTC"
"2020-03-16",17,"La Rioja",4,"2020-03-29 06:29:47 UTC"
"2020-03-17",17,"La Rioja",5,"2020-03-29 06:29:47 UTC"
"2020-03-18",17,"La Rioja",5,"2020-03-29 06:29:47 UTC"
"2020-03-19",17,"La Rioja",5,"2020-03-29 06:29:47 UTC"
"2020-03-20",17,"La Rioja",7,"2020-03-29 06:29:47 UTC"
"2020-03-21",17,"La Rioja",15,"2020-03-29 06:29:47 UTC"
"2020-03-22",17,"La Rioja",18,"2020-03-29 06:29:47 UTC"
"2020-03-23",17,"La Rioja",22,"2020-03-29 06:29:47 UTC"
"2020-03-24",17,"La Rioja",30,"2020-03-29 06:29:47 UTC"
"2020-03-25",17,"La Rioja",37,"2020-03-29 06:29:47 UTC"
"2020-03-26",17,"La Rioja",43,"2020-03-29 06:29:47 UTC"
"2020-03-27",17,"La Rioja",55,"2020-03-29 06:29:47 UTC"
"2020-03-28",17,"La Rioja",65,"2020-03-29 06:29:47 UTC"
"2020-03-03",0,"Total",0,"2020-03-29 06:29:47 UTC"
"2020-03-04",0,"Total",1,"2020-03-29 06:29:47 UTC"
"2020-03-05",0,"Total",3,"2020-03-29 06:29:47 UTC"
"2020-03-06",0,"Total",5,"2020-03-29 06:29:47 UTC"
"2020-03-07",0,"Total",8,"2020-03-29 06:29:47 UTC"
"2020-03-08",0,"Total",17,"2020-03-29 06:29:47 UTC"
"2020-03-09",0,"Total",17,"2020-03-29 06:29:47 UTC"
"2020-03-10",0,"Total",35,"2020-03-29 06:29:47 UTC"
"2020-03-11",0,"Total",47,"2020-03-29 06:29:47 UTC"
"2020-03-12",0,"Total",84,"2020-03-29 06:29:47 UTC"
"2020-03-13",0,"Total",120,"2020-03-29 06:29:47 UTC"
"2020-03-14",0,"Total",136,"2020-03-29 06:29:47 UTC"
"2020-03-15",0,"Total",288,"2020-03-29 06:29:47 UTC"
"2020-03-16",0,"Total",309,"2020-03-29 06:29:47 UTC"
"2020-03-17",0,"Total",491,"2020-03-29 06:29:47 UTC"
"2020-03-18",0,"Total",598,"2020-03-29 06:29:47 UTC"
"2020-03-19",0,"Total",767,"2020-03-29 06:29:47 UTC"
"2020-03-20",0,"Total",1002,"2020-03-29 06:29:47 UTC"
"2020-03-21",0,"Total",1326,"2020-03-29 06:29:47 UTC"
"2020-03-22",0,"Total",1720,"2020-03-29 06:29:47 UTC"
"2020-03-23",0,"Total",2182,"2020-03-29 06:29:47 UTC"
"2020-03-24",0,"Total",2696,"2020-03-29 06:29:47 UTC"
"2020-03-25",0,"Total",3434,"2020-03-29 06:29:47 UTC"
"2020-03-26",0,"Total",4089,"2020-03-29 06:29:47 UTC"
"2020-03-27",0,"Total",4858,"2020-03-29 06:29:47 UTC"
"2020-03-28",0,"Total",5690,"2020-03-29 06:29:47 UTC"
